Feature of the Report,Details
Market Size in 2024,USD 89.23 Billion
Projected Market Size in 2033,USD 188.5 Billion
Market Size in 2023,USD 85.7 Billion
CAGR Growth Rate,9.92% CAGR
Base Year,2023
Forecast Period,2024-2033
Key Segment,"By Type, Application, End-User and Region"
Report Coverage,"Revenue Estimation and Forecast, Company Profile, Competitive Landscape, Growth Factors and Recent Trends"
Regional Scope,"North America, Europe, Asia Pacific, Middle East & Africa, and South & Central America"
Buying Options,Request tailored purchasing options to fulfil your requirements for research.
